epoch,accuracy,loss,macro_f1,val_accuracy,val_loss,val_macro_f1
0,0.7751623392105103,0.6900039911270142,0.6503003239631653,0.9396092295646667,0.43708887696266174,0.774040699005127
1,0.8258928656578064,0.6121537089347839,0.7210180759429932,0.962699830532074,0.4051017463207245,0.7980039715766907
2,0.8409090638160706,0.5864302515983582,0.762908935546875,0.9431616067886353,0.4393841028213501,0.7828980088233948
0,0.8782467246055603,0.517297625541687,0.8067240715026855,0.9822379946708679,0.3449356257915497,0.8919466137886047
1,0.9322240352630615,0.42724931240081787,0.8961698412895203,0.9662522077560425,0.35715430974960327,0.8437650799751282
2,0.9553571343421936,0.38527676463127136,0.9357417225837708,0.9555950164794922,0.3854258358478546,0.8291385769844055
3,0.9679383039474487,0.3651547431945801,0.9568889737129211,0.9875665903091431,0.324256032705307,0.9149400591850281
4,0.9764610528945923,0.34665605425834656,0.9652929902076721,0.980461835861206,0.31857356429100037,0.9007747769355774
5,0.9797077775001526,0.34288379549980164,0.9710634350776672,0.9840142130851746,0.31682971119880676,0.8868739008903503
6,0.9857954382896423,0.3346607983112335,0.9786294102668762,0.9857904314994812,0.3175104856491089,0.9316127300262451
7,0.9784902334213257,0.3400799334049225,0.9693543314933777,0.9875665903091431,0.31739285588264465,0.9249208569526672
8,0.9801136255264282,0.33321183919906616,0.9725587964057922,0.9875665903091431,0.31645840406417847,0.9191282391548157
9,0.986201286315918,0.32582569122314453,0.9827632308006287,0.9715808033943176,0.34427931904792786,0.8831883072853088
10,0.9902597665786743,0.31772854924201965,0.987468421459198,0.9964476227760315,0.30121102929115295,0.9813005328178406
11,0.9890422224998474,0.3175351917743683,0.9831104278564453,0.9911190271377563,0.31098437309265137,0.9568213820457458
12,0.9870129823684692,0.3197633922100067,0.981967031955719,0.9928951859474182,0.30473002791404724,0.9511922001838684
13,0.9902597665786743,0.3179561197757721,0.9855415225028992,0.9857904314994812,0.314298540353775,0.9167284965515137
14,0.9914772510528564,0.31215155124664307,0.9895249009132385,0.9928951859474182,0.30991804599761963,0.9470536112785339
15,0.9906655550003052,0.318203330039978,0.9870960116386414,0.9928951859474182,0.3045247197151184,0.974632203578949
16,0.993100643157959,0.3081730306148529,0.9917141795158386,0.9893428087234497,0.3151337206363678,0.9312644004821777
17,0.9979707598686218,0.3022395074367523,0.9976693987846375,0.9875665903091431,0.3168676793575287,0.9190526008605957
18,0.9951298832893372,0.3054060637950897,0.9935235381126404,0.9857904314994812,0.3091004192829132,0.9041540026664734
19,0.9955357313156128,0.305574506521225,0.994396984577179,0.9911190271377563,0.3104795813560486,0.9446821212768555
20,0.9947240352630615,0.3079812824726105,0.9929378628730774,0.9857904314994812,0.3152356743812561,0.9042872786521912
